transaction_id,customer_id,transaction_amount,transaction_date
1,374,350.01,2023-07-02
2,229,362.24,2023-10-01
3,12,374.19,2023-06-06
4,271,258.61,2023-03-24
5,155,211.76,2023-07-31
6,62,329.01,2023-07-12
7,190,114.9,2023-12-25
8,62,208.82,2023-12-17
9,498,42.48,2023-10-20
10,258,225.83,2023-09-17
11,76,328.36,2023-12-12
12,67,294.76,2023-10-07
13,194,289.02,2023-02-05
14,55,469.15,2023-05-15
15,448,485.53,2023-10-08
16,126,227.31,2023-05-16
17,212,208.69,2023-02-02
18,175,494.97,2023-04-24
19,417,179.52,2023-04-29
20,125,100.27,2023-06-23
21,392,89.78,2023-03-22
22,463,111.57,2023-12-18
23,332,411.62,2023-11-07
24,458,411.28,2023-05-03
25,345,288.67,2023-05-09
26,179,269.77,2023-12-24
27,138,273.45,2023-09-16
28,58,106.42,2023-07-11
29,103,245.44,2023-02-21
30,104,289.09,2023-05-23
31,453,220.02,2023-06-28
32,323,380.64,2023-04-21
33,348,110.5,2023-12-15
34,122,24.52,2023-03-06
35,118,17.37,2023-11-30
36,208,229.37,2023-05-29
37,111,33.51,2023-05-10
38,169,368.15,2023-01-12
39,75,19.98,2023-01-20
40,275,110.31,2023-12-07
41,105,384.46,2023-11-07
42,246,486.57,2023-12-28
43,53,76.93,2023-01-06
44,424,176.69,2023-07-23
45,343,430.87,2023-08-12
46,454,73.97,2023-04-16
47,443,146.46,2023-03-24
48,358,268.1,2023-07-03
49,199,11.46,2023-10-12
50,438,44.8,2023-01-02
51,267,413.24,2023-07-26
52,27,233.8,2023-02-09
53,6,406.68,2023-05-29
54,8,136.18,2023-12-21
55,82,278.09,2023-05-26
56,75,273.95,2023-04-21
57,7,256.7,2023-06-23
58,209,172.51,2023-08-09
59,190,282.05,2023-08-14
60,64,486.19,2023-06-15
61,305,472.51,2023-06-10
62,206,442.66,2023-06-13
63,467,366.15,2023-10-20
64,121,234.98,2023-09-24
65,79,376.77,2023-05-10
66,321,90.21,2023-02-27
67,54,181.21,2023-11-16
68,143,247.91,2023-06-22
69,366,490.39,2023-03-16
70,221,244.71,2023-05-30
71,87,125.15,2023-03-13
72,292,301.08,2023-11-26
73,82,137.19,2023-07-08
74,103,480.55,2023-04-18
75,25,255.89,2023-10-31
76,361,173.47,2023-06-02
77,297,258.98,2023-11-10
78,103,370.78,2023-09-30
79,383,449.47,2023-01-10
80,408,220.36,2023-10-10
81,378,389.41,2023-01-29
82,285,299.54,2023-10-27
83,147,457.13,2023-12-13
84,16,281.24,2023-09-25
85,44,406.34,2023-12-24
86,312,21.59,2023-12-03
87,293,192.09,2023-04-11
88,274,137.9,2023-07-22
89,487,70.55,2023-08-05
90,51,266.19,2023-09-26
91,163,306.11,2023-07-07
92,177,376.97,2023-03-01
93,209,305.24,2023-05-21
94,353,404.43,2023-12-19
95,114,495.52,2023-03-21
96,392,250.85,2023-08-03
97,443,187.43,2023-11-08
98,298,182.07,2023-04-17
99,354,269.89,2023-02-04
100,266,48.5,2023-12-27
101,484,239.88,2023-02-11
102,71,164.56,2023-02-28
103,380,347.31,2023-01-30
104,146,247.05,2023-02-26
105,6,178.9,2023-09-09
106,208,221.73,2024-01-01
107,15,276.6,2023-07-26
108,263,181.92,2023-10-29
109,300,115.44,2023-08-17
110,207,291.65,2023-03-13
111,64,122.25,2023-04-01
112,57,134.91,2023-05-19
113,444,120.13,2023-09-21
114,142,92.21,2023-01-21
115,198,484.4,2023-02-05
116,173,37.46,2023-11-09
117,109,132.76,2023-03-26
118,246,425.21,2023-09-22
119,85,121.38,2023-04-11
120,303,187.54,2023-06-07
121,66,68.34,2023-05-28
122,126,479.72,2023-05-03
123,182,109.13,2023-09-06
124,41,99.95,2023-04-27
125,250,389.7,2023-04-08
126,480,436.5,2023-12-29
127,20,295.2,2023-09-24
128,118,31.4,2023-06-16
129,438,67.62,2023-02-19
130,270,438.29,2023-07-24
131,137,266.04,2023-11-13
132,186,28.28,2023-10-06
133,152,221.91,2023-12-20
134,273,388.18,2023-07-06
135,297,215.58,2023-07-06
136,421,435.42,2023-02-23
137,123,18.53,2023-12-24
138,81,78.19,2023-06-30
139,466,172.18,2023-05-19
140,2,163.58,2023-12-25
141,127,396.75,2023-05-01
142,217,91.13,2023-01-25
143,74,168.35,2023-05-03
144,43,140.55,2023-08-04
145,220,138.13,2023-08-05
146,484,408.13,2023-06-24
147,368,32.7,2023-06-17
148,246,297.95,2023-08-19
149,409,143.9,2023-03-06
150,47,400.98,2023-04-18
151,399,494.48,2023-04-15
152,110,217.59,2023-10-07
153,195,451.19,2023-06-05
154,164,123.79,2023-10-03
155,142,373.32,2023-06-09
156,374,160.43,2023-05-07
157,273,351.9,2023-10-04
158,317,75.84,2023-12-05
159,236,111.48,2023-07-12
160,208,76.02,2023-04-18
161,360,139.42,2023-08-10
162,111,305.95,2023-01-08
163,312,138.59,2023-12-10
164,24,253.81,2023-10-14
165,48,293.79,2023-09-05
166,362,109.37,2023-10-21
167,349,309.21,2023-05-27
168,131,270.13,2023-02-17
169,127,268.81,2023-02-16
170,316,71.77,2023-05-31
171,203,159.61,2023-06-15
172,431,239.1,2023-10-18
173,216,181.2,2023-01-09
174,291,110.52,2023-05-01
175,155,401.81,2023-07-29
176,243,38.1,2023-10-22
177,175,323.5,2023-01-30
178,280,287.44,2023-12-05
179,131,319.77,2023-02-16
180,131,496.64,2023-12-28
181,226,49.7,2023-10-22
182,252,150.74,2023-02-12
183,110,184.14,2023-02-24
184,313,49.06,2023-04-29
185,56,125.81,2023-06-13
186,135,231.29,2023-06-07
187,500,304.94,2023-09-28
188,442,462.34,2023-12-30
189,45,294.11,2023-03-27
190,427,482.09,2023-04-12
191,466,305.53,2023-06-27
192,30,13.18,2023-04-07
193,38,162.75,2023-12-31
194,309,457.56,2023-08-19
195,114,182.47,2023-12-28
196,90,359.86,2023-09-18
197,234,398.27,2023-12-26
198,118,46.26,2023-10-31
199,117,99.81,2023-11-30
200,420,73.86,2023-03-16
201,41,70.84,2023-05-03
202,139,57.06,2023-07-27
203,290,244.19,2023-09-24
204,6,46.79,2023-11-30
205,36,137.24,2023-11-01
206,373,278.94,2023-12-03
207,340,95.99,2023-01-28
208,390,284.42,2023-08-04
209,21,231.37,2023-01-01
210,404,354.67,2023-05-23
211,65,140.26,2023-08-06
212,29,238.61,2023-02-24
213,348,125.71,2023-01-01
214,361,48.94,2023-05-08
215,327,423.45,2023-04-06
216,137,259.68,2023-07-21
217,142,133.31,2023-03-15
218,81,414.33,2023-11-25
219,238,229.64,2023-10-03
220,107,221.99,2023-10-27
221,62,245.39,2023-01-23
222,70,395.95,2023-04-06
223,46,436.57,2023-08-31
224,434,133.31,2023-05-30
225,472,40.79,2023-08-13
226,175,369.48,2023-07-31
227,102,419.99,2023-06-07
228,388,330.1,2023-12-02
229,417,411.86,2023-11-11
230,275,149.83,2023-12-31
231,154,125.48,2023-04-01
232,226,350.35,2023-06-24
233,107,316.37,2023-03-13
234,119,147.75,2023-07-27
235,206,99.83,2023-02-21
236,133,498.28,2023-10-27
237,152,424.46,2023-11-25
238,97,135.4,2023-08-07
239,402,28.96,2023-06-15
240,77,166.13,2023-11-25
241,412,122.82,2023-05-10
242,477,426.08,2023-01-11
243,181,395.39,2023-06-15
244,18,264.07,2023-01-08
245,358,307.26,2023-09-05
246,271,496.43,2023-10-18
247,242,279.4,2023-06-10
248,464,139.29,2023-09-19
249,491,464.62,2023-04-23
250,97,123.23,2023-09-06
251,445,156.48,2023-06-22
252,247,327.65,2023-03-11
253,108,114.97,2023-01-18
254,410,480.7,2023-01-08
255,294,134.86,2023-08-07
256,120,74.12,2023-09-09
257,197,285.47,2023-12-20
258,420,377.39,2023-02-06
259,141,179.13,2023-10-13
260,292,316.8,2023-03-21
261,281,214.91,2023-03-26
262,282,176.91,2023-01-18
263,316,430.72,2023-07-28
264,7,247.64,2023-02-11
265,296,364.06,2023-02-09
266,375,46.69,2023-05-17
267,345,101.02,2023-05-26
268,72,384.81,2023-04-27
269,263,183.57,2023-08-15
270,37,206.87,2023-07-06
271,98,479.45,2023-12-08
272,143,114.97,2023-05-17
273,144,445.48,2023-10-25
274,454,160.3,2023-05-29
275,469,265.84,2023-11-27
276,139,300.95,2023-03-10
277,457,193.67,2023-05-10
278,260,259.3,2023-09-19
279,226,15.62,2023-04-13
280,34,190.06,2023-08-12
281,215,389.77,2023-01-22
282,233,327.24,2023-03-14
283,131,474.23,2023-01-26
284,311,394.34,2023-03-18
285,27,71.59,2023-10-02
286,186,376.62,2023-11-02
287,316,437,2023-12-28
288,409,410.3,2023-04-28
289,50,180.22,2023-11-25
290,262,311.89,2023-12-29
291,451,277.31,2023-08-09
292,61,29.01,2023-09-20
293,165,359.03,2023-08-01
294,137,107.07,2023-06-10
295,273,221.3,2023-06-21
296,233,326.45,2023-10-08
297,79,253.25,2023-08-19
298,292,31.06,2023-10-16
299,20,176.64,2023-07-27
300,400,341.54,2023-10-18
301,232,224.71,2023-03-04
302,26,156.41,2023-03-04
303,14,92.26,2023-04-11
304,459,203.12,2023-12-06
305,204,191.26,2023-12-06
306,483,259.26,2023-04-03
307,300,467.85,2023-06-12
308,96,420.82,2023-01-23
309,23,412.08,2023-06-21
310,400,240.61,2023-01-02
311,36,336.21,2023-09-29
312,446,193.63,2023-06-09
313,83,189.46,2023-03-08
314,77,93.4,2023-01-02
315,46,140.37,2023-07-04
316,485,375.74,2023-09-18
317,287,279.4,2023-05-03
318,13,280.07,2023-10-14
319,334,144.3,2023-11-20
320,160,240.72,2023-08-01
321,118,434.92,2023-05-02
322,285,343.53,2023-10-05
323,466,275.87,2023-07-07
324,8,173.88,2023-09-23
325,408,371.14,2023-01-23
326,262,317.8,2023-11-13
327,164,224.16,2023-09-30
328,389,315.37,2023-12-25
329,342,120.34,2023-08-17
330,364,442.45,2023-01-05
331,203,475.69,2023-07-25
332,200,59.79,2023-04-12
333,68,358.98,2023-10-16
334,214,426.99,2023-02-09
335,485,319.55,2023-11-15
336,10,106.51,2023-04-22
337,167,59.47,2023-05-01
338,486,322.34,2023-10-10
339,105,187.71,2023-10-20
340,287,458.34,2023-06-20
341,181,470.89,2023-04-19
342,463,217.45,2023-01-05
343,449,276.47,2023-11-03
344,483,474.18,2023-04-28
345,401,312.91,2023-12-25
346,252,397.51,2023-12-09
347,208,119.1,2023-09-03
348,391,188.24,2023-09-30
349,439,20.46,2023-07-02
350,310,441.78,2023-05-02
351,276,164.5,2023-04-14
352,100,357.28,2023-10-20
353,171,27.92,2023-09-26
354,93,411.13,2023-07-31
355,346,447.45,2023-04-10
356,401,424.51,2023-10-18
357,484,422.46,2023-10-10
358,119,86.34,2023-02-25
359,263,374.53,2023-06-02
360,310,272.67,2023-11-25
361,6,362.67,2023-10-29
362,440,168.63,2023-02-01
363,347,261.53,2023-06-19
364,73,27.51,2023-03-15
365,7,69,2023-10-03
366,70,144.96,2023-10-29
367,51,297.55,2023-08-03
368,447,488.67,2023-07-06
369,325,477.67,2023-01-19
370,285,195.13,2023-06-17
371,133,171.7,2023-07-14
372,243,208.76,2023-01-01
373,471,101.6,2023-09-01
374,389,36.27,2023-09-24
375,49,166.86,2023-06-24
376,159,287.58,2023-09-03
377,105,476.76,2023-07-10
378,37,185.46,2023-01-20
379,125,299.81,2023-08-25
380,456,94.86,2023-08-29
381,321,199.42,2023-10-13
382,268,57.26,2023-09-04
383,451,350.09,2023-05-07
384,426,150.55,2023-05-27
385,136,248.87,2023-12-18
386,68,258.99,2023-06-15
387,227,235.05,2023-07-19
388,48,411.22,2023-06-21
389,156,286.07,2023-01-15
390,184,115.9,2023-09-21
391,264,322.78,2023-11-01
392,478,463.73,2023-01-22
393,231,394.2,2023-06-20
394,185,73.51,2023-01-03
395,20,45.51,2023-02-06
396,226,378.67,2023-05-04
397,283,424.98,2023-05-04
398,78,34.62,2023-07-06
399,304,222.52,2023-05-02
400,45,214.65,2023-04-14
401,221,95.2,2023-09-26
402,387,185.98,2023-07-06
403,88,213.49,2023-05-19
404,170,364.1,2023-05-08
405,341,376.6,2023-02-28
406,327,463.92,2023-08-10
407,216,412.72,2023-12-23
408,455,371.74,2023-10-23
409,307,212.61,2023-03-06
410,247,136.43,2023-06-25
411,15,62.44,2023-01-02
412,43,209.68,2023-08-15
413,258,37.31,2023-12-11
414,466,486.68,2023-04-12
415,123,81.99,2023-03-10
416,104,281.16,2023-07-08
417,325,333.7,2023-12-21
418,178,62.36,2023-07-30
419,476,499.93,2023-09-19
420,291,53.83,2023-01-07
421,478,407.01,2023-01-14
422,265,133.01,2023-11-12
423,444,32.31,2023-08-14
424,261,141.71,2023-06-14
425,9,273.05,2023-03-14
426,130,476.98,2023-12-31
427,36,153.72,2023-11-01
428,164,401.65,2023-03-13
429,312,464.21,2023-05-24
430,468,354.04,2023-07-07
431,396,422.44,2023-04-02
432,450,172.19,2023-03-12
433,241,208.17,2023-05-04
434,80,50.42,2023-11-22
435,320,405.12,2023-10-26
436,407,48.84,2023-02-26
437,186,448.32,2023-03-13
438,220,319.25,2023-01-12
439,413,126.8,2023-08-05
440,389,322.64,2023-06-18
441,430,99.1,2023-02-02
442,326,464.78,2023-08-20
443,264,124.58,2023-03-05
444,350,454,2023-09-20
445,408,203.81,2023-05-26
446,336,255.05,2023-04-16
447,320,481.76,2023-04-23
448,466,332.12,2023-02-26
449,40,285.46,2023-02-07
450,491,190.81,2023-10-20
451,160,497.88,2023-02-17
452,385,490.77,2023-02-03
453,199,362.32,2023-04-10
454,421,483.5,2023-05-23
455,108,109.42,2023-04-05
456,421,311.89,2023-08-30
457,434,356.31,2023-11-17
458,307,223.67,2023-01-08
459,195,270.84,2023-11-08
460,286,77.66,2023-02-14
461,141,97.92,2023-07-28
462,256,319.02,2023-02-13
463,345,391.53,2023-09-16
464,453,154.28,2023-09-27
465,242,237.61,2023-11-27
466,327,102.1,2023-08-16
467,344,456.42,2023-09-27
468,422,194.52,2023-09-11
469,111,34.13,2023-06-25
470,251,263.87,2023-09-06
471,15,169.39,2023-05-19
472,226,127.85,2023-09-25
473,80,153.94,2023-05-12
474,143,421.9,2023-06-06
475,56,291.71,2023-06-09
476,499,294.14,2023-08-19
477,7,328.68,2023-02-14
478,108,154.63,2023-09-21
479,151,433.51,2023-11-18
480,242,88.61,2023-10-06
481,248,85.74,2023-02-19
482,191,402.05,2023-02-20
483,144,473.67,2023-06-22
484,150,238.74,2023-04-20
485,372,88.39,2023-05-31
486,18,136.53,2023-05-27
487,416,100.11,2023-02-16
488,111,369.22,2023-08-09
489,256,407.62,2023-04-21
490,55,349.66,2023-08-19
491,320,349.78,2023-07-19
492,439,281.42,2023-12-16
493,35,434.84,2023-07-30
494,227,494.23,2023-03-20
495,458,103.76,2023-10-03
496,208,308.11,2023-11-04
497,206,155.53,2023-04-07
498,187,206.43,2023-07-13
499,373,142.17,2023-05-10
500,61,411.08,2023-07-17
501,434,171.46,2023-06-25
502,37,24.15,2023-05-04
503,32,95.41,2023-11-13
504,422,282.18,2023-06-04
505,340,203.28,2023-05-05
506,309,265.91,2023-09-21
507,495,483.7,2023-03-15
508,294,402.44,2023-03-20
509,407,97.05,2023-08-02
510,37,185.26,2023-04-11
511,135,211.64,2023-10-06
512,57,274.47,2023-07-25
513,136,303.38,2023-04-05
514,304,301.94,2023-09-22
515,12,60.32,2023-12-16
516,265,62.43,2023-04-15
517,127,339.28,2023-09-15
518,479,256.47,2023-04-05
519,307,368.2,2023-02-17
520,208,23.81,2023-03-12
521,173,498.95,2023-04-26
522,79,163.98,2023-02-11
523,302,225.46,2023-03-24
524,80,14.5,2023-09-27
525,180,339.04,2023-09-13
526,8,360.41,2023-01-09
527,429,481.2,2023-03-31
528,237,322.59,2023-03-08
529,266,464.88,2023-10-17
530,331,110.87,2023-02-16
531,370,66.84,2023-03-19
532,457,164.91,2023-04-03
533,308,168.27,2023-09-22
534,187,415.68,2023-04-22
535,22,311.63,2023-08-11
536,360,353.3,2023-02-11
537,213,69.63,2023-09-23
538,448,324.02,2023-05-19
539,96,213.57,2023-04-07
540,327,167.01,2023-06-15
541,420,348,2023-07-15
542,282,266.43,2023-06-18
543,387,423.41,2023-01-13
544,253,81.13,2023-03-15
545,262,479.29,2023-09-13
546,220,284.38,2023-05-27
547,16,317.01,2023-05-16
548,473,312.23,2023-02-10
549,303,385.6,2023-09-11
550,136,146.23,2023-09-29
551,89,127.01,2023-04-05
552,499,84.61,2023-10-22
553,490,165.89,2023-12-01
554,287,329.2,2023-09-16
555,240,418.44,2023-02-03
556,455,492.5,2023-03-15
557,199,392.55,2023-03-22
558,123,476.92,2023-12-05
559,417,122.2,2023-08-31
560,442,313.53,2023-12-11
561,167,422.14,2023-06-27
562,385,338.74,2023-10-18
563,398,23.03,2023-03-03
564,497,11.38,2023-02-03
565,339,360.59,2023-11-23
566,437,106.52,2023-09-16
567,194,422.8,2023-11-27
568,203,297.71,2023-09-19
569,246,132.59,2023-07-11
570,116,373,2023-04-29
571,53,328.37,2023-04-06
572,360,24.21,2023-08-12
573,125,31.04,2023-06-24
574,59,402.16,2023-07-31
575,61,294.37,2023-06-24
576,18,105.92,2023-09-08
577,315,426.63,2023-11-01
578,455,379.92,2023-05-14
579,106,266.22,2023-11-24
580,437,204.57,2023-06-17
581,68,113.52,2023-11-01
582,228,34,2023-07-13
583,167,185.82,2023-09-09
584,269,372.75,2023-10-17
585,274,464.66,2023-09-16
586,22,83.56,2023-08-16
587,375,83.47,2023-03-09
588,357,30.15,2023-01-02
589,459,458.11,2023-03-17
590,302,344.03,2023-12-30
591,328,37.17,2023-01-14
592,153,172.92,2023-01-29
593,257,421.09,2023-01-30
594,208,288.17,2023-07-13
595,462,188.13,2023-09-07
596,269,283.66,2023-10-20
597,56,153.08,2023-04-23
598,474,481.08,2023-05-01
599,492,315.11,2023-07-27
600,27,463.9,2023-12-26
601,102,42.53,2023-10-18
602,129,153.4,2023-10-05
603,37,346.64,2023-02-22
604,250,293.02,2023-01-22
605,148,297.18,2023-08-10
606,444,292.82,2023-09-22
607,403,456.48,2023-08-06
608,210,67.38,2023-04-28
609,52,114.8,2023-06-10
610,499,285.56,2023-04-27
611,245,282.6,2023-02-15
612,1,495.83,2023-07-08
613,469,93.89,2023-03-08
614,70,197.35,2023-12-08
615,69,155.82,2023-11-25
616,109,63.19,2023-02-23
617,341,182.8,2023-01-17
618,296,318.42,2023-05-27
619,172,257.37,2023-08-18
620,7,138.62,2023-07-13
621,9,102,2023-02-27
622,166,374.89,2023-05-30
623,114,495.82,2023-05-18
624,197,105.59,2023-05-22
625,467,128.4,2023-01-21
626,284,75.03,2023-11-10
627,111,449.01,2023-12-24
628,116,298.84,2023-07-04
629,362,332.58,2023-11-02
630,313,286.2,2023-08-22
631,185,380.12,2023-06-17
632,47,488.78,2023-12-27
633,468,294.33,2023-05-24
634,141,28.96,2023-10-06
635,61,98.03,2023-04-17
636,451,418.91,2023-06-27
637,191,364.48,2023-01-23
638,283,281.18,2023-08-26
639,24,94.3,2023-08-02
640,176,130.54,2023-04-20
641,248,28.62,2023-11-16
642,189,205.03,2023-10-18
643,493,320.71,2023-11-01
644,447,88.43,2023-10-27
645,466,276.89,2023-06-20
646,205,106.45,2023-07-10
647,279,115.85,2023-02-28
648,219,339.53,2023-04-14
649,221,362.58,2023-07-22
650,489,244.68,2023-07-08
651,398,118.1,2023-11-08
652,416,275.63,2023-10-13
653,203,422.47,2023-01-16
654,318,197.09,2023-03-08
655,148,333.06,2023-05-05
656,423,109.2,2023-03-12
657,282,259.44,2023-04-20
658,415,186.22,2023-11-06
659,345,405.93,2023-07-24
660,281,29.47,2023-09-30
661,173,197.64,2023-11-07
662,4,323.18,2023-06-14
663,459,55.13,2023-10-13
664,164,141.28,2023-09-09
665,222,151.26,2023-07-01
666,447,455.99,2023-08-31
667,2,249.97,2023-06-08
668,382,339.26,2023-08-28
669,23,42.26,2023-10-24
670,340,154.61,2023-03-07
671,93,282.92,2023-08-02
672,186,304.94,2023-05-26
673,164,266.37,2023-05-25
674,293,108.82,2023-10-25
675,121,446.03,2023-11-30
676,348,98.88,2023-08-07
677,118,468.28,2023-03-20
678,29,30.79,2023-10-19
679,317,346.44,2023-06-24
680,493,176.93,2023-05-08
681,40,446.23,2023-11-20
682,182,40.47,2023-01-14
683,452,335.69,2023-03-30
684,164,398.69,2023-08-10
685,355,295.24,2023-04-21
686,441,285.03,2023-11-01
687,297,116.51,2023-02-08
688,129,349.89,2023-10-21
689,259,59.78,2023-11-17
690,305,484.84,2023-01-09
691,39,207.16,2023-10-06
692,308,56.65,2023-12-23
693,80,460.08,2023-02-13
694,243,274.12,2023-10-24
695,343,417.14,2023-04-22
696,240,217.63,2023-04-01
697,269,446.26,2023-11-09
698,404,379.31,2023-10-22
699,229,421.82,2023-01-28
700,368,424.3,2023-07-13
701,101,79.48,2023-08-31
702,199,107.98,2023-11-09
703,49,309.12,2023-10-24
704,139,385.87,2023-06-15
705,308,315.64,2023-04-13
706,492,177.61,2023-06-23
707,296,36.81,2023-04-17
708,98,431.09,2023-10-14
709,457,193.12,2023-03-03
710,433,39.32,2023-02-01
711,377,283.96,2023-03-03
712,24,144.41,2023-08-05
713,206,396.34,2023-04-18
714,144,465.48,2023-10-10
715,428,192.61,2023-05-15
716,245,27.22,2023-09-17
717,265,33.41,2023-01-19
718,466,306.31,2023-02-17
719,31,231.94,2023-10-23
720,26,433.85,2023-10-25
721,203,285.41,2023-05-21
722,380,40.97,2023-11-28
723,351,360.32,2023-06-18
724,190,94.55,2023-05-28
725,302,385.72,2023-07-26
726,314,193.98,2023-03-19
727,326,125.05,2023-11-25
728,48,59.19,2023-08-28
729,312,33.96,2023-08-04
730,140,324.38,2023-02-13
731,336,499.14,2023-06-18
732,205,484.92,2023-08-23
733,420,294.29,2023-12-10
734,373,196.56,2023-07-04
735,342,435.2,2023-07-06
736,67,243.49,2023-02-02
737,433,247.41,2023-10-22
738,113,279.56,2023-04-27
739,474,352.44,2023-01-22
740,37,431.97,2023-11-22
741,116,78.46,2023-07-07
742,39,268.2,2023-10-13
743,110,451.56,2023-05-09
744,58,85.08,2023-10-02
745,260,64.86,2023-02-19
746,228,68.89,2023-11-23
747,494,129.34,2023-05-19
748,272,216.38,2023-12-03
749,69,324.9,2023-05-09
750,287,373.46,2023-08-13
751,422,304.75,2023-11-12
752,486,166.93,2023-02-18
753,280,36.16,2023-06-19
754,94,108.24,2023-01-02
755,29,148.87,2023-01-29
756,219,267.85,2023-09-06
757,231,147.75,2023-05-22
758,43,138.6,2023-07-19
759,13,74.34,2023-03-12
760,52,437.44,2023-07-09
761,48,361.69,2023-09-09
762,159,324.62,2023-03-03
763,49,153.48,2023-03-15
764,159,147.03,2023-11-10
765,75,311.99,2023-07-27
766,149,307.39,2023-03-10
767,75,387.55,2023-08-12
768,253,109.91,2023-03-11
769,208,178.05,2023-12-18
770,404,391.62,2023-12-06
771,1,36.8,2023-05-20
772,200,27.25,2023-05-08
773,244,365.64,2023-10-25
774,392,202.99,2023-03-31
775,196,194.31,2023-02-26
776,242,459.93,2023-12-22
777,124,308.7,2023-09-21
778,292,201.39,2023-04-16
779,364,326.48,2023-04-22
780,4,378.66,2023-04-18
781,395,167.28,2023-07-29
782,227,174.31,2023-08-07
783,287,95.37,2023-07-04
784,354,437.21,2023-06-14
785,457,427.62,2023-01-14
786,385,359.06,2023-04-20
787,171,216.37,2023-10-23
788,284,137.72,2023-08-25
789,433,122.84,2023-07-27
790,402,327.17,2023-12-11
791,246,190.35,2023-10-02
792,416,300.15,2023-12-23
793,62,425.63,2023-04-19
794,314,354.69,2023-06-01
795,333,144.23,2023-11-05
796,472,263.99,2023-01-19
797,428,388.76,2023-08-03
798,33,189.07,2023-08-21
799,251,297.23,2023-06-29
800,415,238.16,2023-02-25
801,123,157.08,2023-11-16
802,75,393.72,2023-07-21
803,238,368.99,2023-07-08
804,12,285.53,2023-12-26
805,84,27.95,2023-10-20
806,28,242.96,2023-12-20
807,154,436.05,2023-11-29
808,207,246.38,2023-01-08
809,242,91.8,2023-05-02
810,324,310.45,2023-05-07
811,60,348.56,2023-12-09
812,347,184.39,2023-11-08
813,210,248.84,2023-09-14
814,488,48.63,2023-03-26
815,359,49.37,2023-01-17
816,284,353.09,2023-11-30
817,27,190.94,2023-06-07
818,41,46.83,2023-07-23
819,207,461.12,2023-07-08
820,115,421.81,2023-03-04
821,34,497.69,2023-05-13
822,76,268.29,2023-02-06
823,5,400.94,2023-03-18
824,27,108.44,2023-03-24
825,481,195.98,2023-11-20
826,298,237.83,2023-02-24
827,145,12.92,2023-11-25
828,179,243.68,2023-10-02
829,378,111.67,2023-05-11
830,211,89.9,2023-05-30
831,4,262.24,2023-05-31
832,334,253.73,2023-08-16
833,226,124.26,2023-09-19
834,138,162.71,2023-07-07
835,128,401.97,2023-06-28
836,305,212.09,2023-06-29
837,402,123.69,2023-02-07
838,294,449.88,2023-07-05
839,376,390.04,2023-04-25
840,205,400.35,2023-03-22
841,41,104.66,2023-01-28
842,469,427.76,2023-10-04
843,180,198.95,2023-08-19
844,148,292.26,2024-01-01
845,72,38.72,2023-06-02
846,220,173.85,2023-08-24
847,85,447.74,2023-01-24
848,237,381.06,2023-06-17
849,119,440.74,2023-12-11
850,82,151.9,2023-08-13
851,480,135.93,2023-06-09
852,140,15.04,2023-12-01
853,272,467.87,2023-07-23
854,118,21.32,2023-10-02
855,68,395.31,2023-02-08
856,467,281.73,2023-03-01
857,116,465.47,2023-02-28
858,347,403.34,2023-11-09
859,78,396.63,2023-06-27
860,484,272.11,2023-07-29
861,306,359.15,2023-09-30
862,261,335.84,2023-03-01
863,3,140.72,2023-12-15
864,461,421.98,2023-04-28
865,300,298.76,2023-04-21
866,104,157.71,2023-07-27
867,340,239.41,2023-10-24
868,256,300.7,2023-10-14
869,167,57.41,2023-09-21
870,10,64.77,2023-06-11
871,4,202.43,2023-02-01
872,418,334.26,2023-05-24
873,220,86.78,2023-02-28
874,391,121.18,2023-09-08
875,294,377.86,2023-10-06
876,158,59.58,2023-05-20
877,38,307,2023-07-05
878,9,133.47,2023-01-02
879,230,95.23,2023-02-04
880,102,135.99,2023-09-08
881,34,455.98,2023-02-26
882,93,492.3,2023-07-31
883,244,97.89,2023-04-12
884,71,427.84,2023-05-17
885,314,269.73,2023-10-12
886,276,498.09,2023-07-26
887,486,74.84,2023-08-10
888,273,52.11,2023-05-20
889,147,261.82,2023-02-01
890,123,479.13,2023-12-30
891,312,428.39,2023-01-27
892,41,342.91,2023-07-19
893,447,371.02,2023-01-03
894,138,374.86,2023-04-29
895,256,354.93,2023-02-14
896,280,491.39,2023-09-05
897,345,377.43,2023-06-21
898,243,180.94,2023-02-05
899,218,277.14,2023-04-03
900,93,76.26,2023-12-29
901,421,314.16,2023-06-30
902,402,204.03,2023-04-12
903,162,335.97,2023-01-03
904,54,231.42,2023-10-26
905,117,455.74,2023-12-14
906,136,464.55,2023-08-24
907,310,185.76,2023-08-15
908,344,26.49,2023-07-13
909,305,479.16,2023-02-06
910,214,10.47,2023-06-04
911,284,78.86,2023-11-13
912,372,235.49,2023-06-27
913,459,114.35,2023-05-28
914,144,426.31,2023-09-22
915,330,181.52,2023-08-11
916,78,301.04,2023-01-12
917,296,199.13,2023-11-12
918,480,422.84,2023-07-27
919,46,210.69,2023-04-17
920,478,211.36,2023-10-14
921,221,161.77,2023-04-05
922,98,356.74,2023-03-10
923,318,308.55,2023-09-19
924,307,333.57,2023-02-20
925,267,390.24,2023-08-10
926,320,248.12,2023-05-12
927,143,59.79,2023-01-02
928,90,55.31,2023-09-13
929,284,399.85,2023-07-07
930,434,357.25,2023-07-17
931,410,286.86,2023-10-06
932,491,88.54,2023-07-30
933,451,50.76,2023-02-17
934,293,116.74,2023-10-08
935,449,24.08,2023-02-28
936,192,134.99,2023-07-15
937,313,442.62,2023-01-12
938,472,270.25,2023-12-03
939,473,189.4,2023-01-17
940,334,60.55,2023-10-15
941,47,12.79,2023-03-18
942,398,329.34,2023-07-25
943,481,469.79,2023-04-08
944,156,359.53,2023-02-15
945,426,376.69,2023-04-14
946,4,286,2023-01-17
947,91,49.18,2023-01-28
948,50,33.28,2023-03-26
949,401,381.91,2023-06-23
950,432,424.89,2023-07-24
951,78,264.27,2023-04-14
952,272,477.64,2023-11-13
953,360,451.56,2023-07-20
954,230,93.06,2023-09-11
955,152,447.37,2023-04-11
956,35,243.29,2023-08-01
957,46,154.86,2023-04-12
958,156,368.36,2023-07-04
959,52,374.74,2023-02-22
960,327,192.85,2023-06-18
961,145,321.41,2023-09-27
962,116,79.1,2023-04-20
963,135,57.32,2023-04-17
964,254,465.2,2023-09-30
965,147,434.77,2023-08-29
966,427,111.02,2023-12-09
967,104,159.58,2023-01-09
968,258,315.33,2023-12-17
969,365,172.43,2023-06-09
970,215,162.9,2023-12-26
971,329,131.76,2023-07-24
972,449,209.48,2023-04-19
973,76,374.47,2023-02-23
974,286,264.09,2023-11-22
975,66,73.05,2023-08-26
976,140,158.32,2023-04-09
977,94,75.55,2023-03-09
978,297,294.1,2023-07-23
979,422,135.63,2023-02-22
980,78,275.21,2023-07-24
981,366,243.88,2023-02-16
982,78,384.12,2023-11-25
983,96,446.18,2023-01-03
984,100,452.81,2023-03-04
985,446,321.94,2023-07-17
986,45,104.64,2023-06-13
987,181,116.8,2023-07-01
988,290,438.9,2023-09-24
989,219,398.31,2023-12-22
990,136,209.45,2023-05-14
991,400,190.05,2023-01-04
992,171,54.67,2023-07-21
993,219,460.07,2023-03-01
994,304,289.23,2023-08-31
995,125,396.21,2023-10-10
996,365,233.12,2023-11-21
997,352,430.59,2023-09-21
998,296,395.81,2023-06-19
999,127,323.05,2023-01-01
"1,000",300,59.44,2023-05-16
"1,001",20,182.49,2023-07-05
"1,002",55,181.71,2023-03-31
"1,003",158,484.75,2023-06-24
"1,004",20,458.79,2023-09-25
"1,005",20,414.55,2023-06-14
"1,006",320,87.91,2023-12-06
"1,007",359,13.33,2023-03-25
"1,008",16,104.39,2023-11-10
"1,009",89,406.77,2023-12-13
"1,010",451,349.26,2023-02-13
"1,011",488,26.85,2023-06-25
"1,012",17,494.97,2023-05-29
"1,013",31,394.24,2023-06-17
"1,014",447,381.53,2023-07-25
"1,015",289,335.7,2023-12-17
"1,016",280,49.91,2023-12-07
"1,017",215,41.84,2023-11-01
"1,018",60,123.06,2023-06-14
"1,019",408,56.73,2023-06-16
"1,020",71,63.59,2023-06-17
"1,021",161,325.74,2023-07-23
"1,022",84,14.76,2023-07-25
"1,023",487,166.7,2023-07-31
"1,024",444,328.88,2023-10-24
"1,025",106,398.87,2023-10-08
"1,026",97,104.7,2023-03-10
"1,027",291,99.46,2023-06-19
"1,028",142,93.14,2023-12-02
"1,029",415,106.48,2023-11-17
"1,030",476,446.52,2023-11-09
"1,031",123,360.77,2023-11-11
"1,032",498,294.19,2023-08-03
"1,033",326,146.87,2023-02-22
"1,034",382,163.54,2023-01-28
"1,035",339,211.89,2023-11-17
"1,036",160,129.91,2023-08-16
"1,037",293,412.18,2023-12-05
"1,038",225,211.47,2023-10-15
"1,039",60,90.14,2023-09-18
"1,040",330,225.3,2023-03-30
"1,041",94,175.5,2023-10-23
"1,042",250,252.31,2023-12-15
"1,043",430,71.51,2023-04-30
"1,044",258,371.86,2023-08-08
"1,045",96,365.3,2023-09-24
"1,046",411,341.08,2023-01-28
"1,047",477,160.4,2023-05-13
"1,048",358,282.39,2023-12-07
"1,049",133,37.22,2023-05-22
"1,050",403,75.49,2023-09-06
"1,051",34,31.7,2023-02-01
"1,052",39,161.41,2023-01-22
"1,053",344,452.23,2023-09-27
"1,054",129,332.54,2023-04-23
"1,055",139,443.46,2023-07-22
"1,056",163,196.83,2023-03-18
"1,057",438,247.44,2023-07-29
"1,058",158,308.29,2023-01-24
"1,059",217,63.74,2023-03-19
"1,060",30,62.99,2023-04-05
"1,061",405,119.12,2023-05-11
"1,062",25,125.67,2023-07-08
"1,063",262,427.97,2023-01-05
"1,064",150,314.21,2023-10-06
"1,065",177,185.82,2023-05-26
"1,066",239,305.12,2023-12-03
"1,067",117,305.62,2023-09-24
"1,068",215,289.31,2023-07-12
"1,069",356,408.12,2023-10-27
"1,070",185,69.19,2023-07-31
"1,071",13,364.72,2023-10-24
"1,072",499,320.18,2023-08-27
"1,073",431,326.69,2023-01-17
"1,074",338,412.31,2023-04-27
"1,075",185,101.41,2023-02-17
"1,076",235,249.89,2023-10-16
"1,077",274,215.44,2023-10-17
"1,078",185,356.08,2023-05-26
"1,079",11,304.16,2023-01-30
"1,080",414,384.4,2023-05-06
"1,081",376,243.01,2023-01-02
"1,082",390,249.23,2023-11-02
"1,083",449,135.29,2023-07-06
"1,084",481,32.06,2023-10-30
"1,085",40,99.63,2023-08-19
"1,086",297,141.95,2023-11-26
"1,087",462,383.3,2023-08-07
"1,088",246,144.48,2023-07-06
"1,089",40,460.19,2023-04-10
"1,090",197,284.85,2023-05-04
"1,091",406,72.31,2023-10-04
"1,092",391,414.77,2023-08-23
"1,093",124,347.58,2023-09-20
"1,094",453,20.27,2023-07-09
"1,095",297,309.15,2023-07-06
"1,096",94,211.02,2023-02-20
"1,097",143,303.87,2023-12-09
"1,098",242,205.66,2023-05-19
"1,099",463,102.21,2023-12-12
"1,100",410,290.37,2023-01-27
"1,101",96,308.7,2023-04-06
"1,102",304,318.41,2023-06-02
"1,103",314,227.51,2023-03-28
"1,104",198,311.97,2023-11-15
"1,105",270,301.8,2023-04-08
"1,106",129,191,2023-05-03
"1,107",75,384.63,2023-04-23
"1,108",259,397.45,2023-05-01
"1,109",377,229.37,2023-05-31
"1,110",16,219.75,2023-04-21
"1,111",2,391.75,2023-09-09
"1,112",106,379.08,2023-08-27
"1,113",289,383.67,2023-03-27
"1,114",461,154.19,2023-04-25
"1,115",169,299.93,2023-10-16
"1,116",23,300.06,2023-04-20
"1,117",335,43.09,2023-12-21
"1,118",181,212.06,2023-11-15
"1,119",410,92.19,2023-11-22
"1,120",450,411.53,2023-05-26
"1,121",236,479.06,2023-03-16
"1,122",114,497.11,2023-07-13
"1,123",409,431.38,2023-08-20
"1,124",489,232.22,2023-02-20
"1,125",206,318.29,2023-06-11
"1,126",194,318.64,2023-12-28
"1,127",264,258.07,2023-10-06
"1,128",407,241.34,2023-02-05
"1,129",117,314.81,2023-03-11
"1,130",263,94.98,2023-10-03
"1,131",328,59.59,2023-06-14
"1,132",214,305.25,2023-09-09
"1,133",447,67.29,2023-11-09
"1,134",173,297.84,2023-01-10
"1,135",331,298.54,2023-03-09
"1,136",365,71.1,2023-04-27
"1,137",350,69.67,2023-07-06
"1,138",466,367.61,2023-02-21
"1,139",44,38.84,2023-06-20
"1,140",23,220.85,2023-01-08
"1,141",364,133.68,2023-12-05
"1,142",68,436.35,2023-04-24
"1,143",488,214.12,2023-12-03
"1,144",491,438.5,2023-06-02
"1,145",352,436.91,2023-03-24
"1,146",497,387.46,2023-03-12
"1,147",105,439.15,2023-01-05
"1,148",276,13.82,2023-10-25
"1,149",93,245.21,2023-09-18
"1,150",359,468.53,2023-09-19
"1,151",140,91.41,2023-11-04
"1,152",285,113.41,2023-06-07
"1,153",92,57.26,2023-07-01
"1,154",259,313.41,2023-11-14
"1,155",88,428.55,2023-04-07
"1,156",88,345.75,2023-08-02
"1,157",499,40.53,2023-09-07
"1,158",328,47.42,2023-08-01
"1,159",307,220.1,2023-06-25
"1,160",329,316.84,2023-02-28
"1,161",445,326.97,2023-01-02
"1,162",236,322.36,2023-08-01
"1,163",343,214.15,2023-10-20
"1,164",165,196.71,2023-11-05
"1,165",85,147.15,2023-04-22
"1,166",144,436.95,2023-11-28
"1,167",368,435.75,2023-04-14
"1,168",252,339.3,2023-02-01
"1,169",489,237.59,2023-01-30
"1,170",370,136.43,2023-07-21
"1,171",193,400.67,2023-10-04
"1,172",309,430.23,2023-04-01
"1,173",304,31.78,2023-12-07
"1,174",55,53.78,2023-04-27
"1,175",165,81.07,2023-12-20
"1,176",483,496.34,2023-10-25
"1,177",428,495.73,2023-09-04
"1,178",347,335.76,2023-11-11
"1,179",426,34.25,2023-04-09
"1,180",58,126.53,2023-06-03
"1,181",96,62.65,2023-01-28
"1,182",82,34.97,2023-02-28
"1,183",188,276.93,2023-06-04
"1,184",430,240.66,2023-11-09
"1,185",328,330.27,2023-01-09
"1,186",314,203.54,2023-01-27
"1,187",127,467.5,2023-07-06
"1,188",273,207.31,2023-04-19
"1,189",236,215.46,2023-03-16
"1,190",1,47.35,2023-12-14
"1,191",494,325.9,2023-05-02
"1,192",338,29.81,2023-08-24
"1,193",376,300.88,2023-03-18
"1,194",273,488.28,2023-05-20
"1,195",168,453.16,2023-10-02
"1,196",21,304.18,2023-09-23
"1,197",191,381.09,2023-12-22
"1,198",267,374.02,2023-06-19
"1,199",216,337.36,2023-02-18
"1,200",377,339.25,2023-11-10
"1,201",69,440.64,2023-09-29
"1,202",172,287.51,2023-09-08
"1,203",57,444.61,2023-01-03
"1,204",247,262.29,2023-11-22
"1,205",60,346.21,2023-05-27
"1,206",266,310.09,2024-01-01
"1,207",218,321.42,2023-05-23
"1,208",3,424.06,2023-05-23
"1,209",209,62.2,2023-08-23
"1,210",360,106.55,2023-09-06
"1,211",56,475.01,2023-06-09
"1,212",213,15.77,2023-04-05
"1,213",305,479.8,2023-06-19
"1,214",431,10.03,2023-11-02
"1,215",453,372.73,2023-01-21
"1,216",52,287.07,2023-04-21
"1,217",424,469.88,2023-10-20
"1,218",58,323.1,2023-07-09
"1,219",295,148.29,2023-01-26
"1,220",96,288.34,2023-09-09
"1,221",459,193.3,2023-12-31
"1,222",20,386.19,2023-10-07
"1,223",91,366.56,2023-04-04
"1,224",52,73.65,2023-01-09
"1,225",371,314.89,2023-01-10
"1,226",250,142.72,2023-03-02
"1,227",386,41.71,2023-11-02
"1,228",139,402.41,2023-08-23
"1,229",284,456.61,2023-01-19
"1,230",426,289.32,2023-07-23
"1,231",227,184.17,2023-01-07
"1,232",410,418.68,2023-08-05
"1,233",103,488.89,2023-08-03
"1,234",148,293.29,2023-10-07
"1,235",199,177.53,2023-08-04
"1,236",345,166.27,2023-05-10
"1,237",411,479.96,2023-06-06
"1,238",89,300.12,2023-05-25
"1,239",131,68.59,2023-05-15
"1,240",376,175.83,2023-08-07
"1,241",452,58.82,2023-11-02
"1,242",200,81.4,2023-09-23
"1,243",314,196.79,2023-08-11
"1,244",37,329.76,2023-10-17
"1,245",375,411.36,2023-05-20
"1,246",288,432.91,2023-10-05
"1,247",24,312.82,2023-03-26
"1,248",402,164.66,2023-11-09
"1,249",310,347.07,2023-01-10
"1,250",64,35.67,2023-08-25
"1,251",93,27.34,2023-01-13
"1,252",30,482.11,2023-11-30
"1,253",500,124.53,2023-03-09
"1,254",281,385.87,2023-11-03
"1,255",391,337.54,2023-07-14
"1,256",149,335.38,2023-05-10
"1,257",462,62.32,2023-12-17
"1,258",4,79.13,2023-02-24
"1,259",385,266.61,2023-08-25
"1,260",132,312.69,2023-07-21
"1,261",378,121.04,2023-11-18
"1,262",322,13.58,2023-09-30
"1,263",244,435.97,2023-01-28
"1,264",109,338.02,2023-09-02
"1,265",115,295.72,2023-02-22
"1,266",348,125.95,2023-06-30
"1,267",266,248.43,2023-01-30
"1,268",399,369.52,2023-03-10
"1,269",288,431.96,2023-12-30
"1,270",192,47.13,2023-02-09
"1,271",122,278.22,2023-06-26
"1,272",290,499.25,2023-06-09
"1,273",18,410.27,2023-07-09
"1,274",261,201.73,2023-08-30
"1,275",442,385.63,2023-04-01
"1,276",487,290.54,2023-08-01
"1,277",474,342.06,2023-11-05
"1,278",3,462.57,2023-08-29
"1,279",81,64.64,2023-12-09
"1,280",196,75.77,2023-04-30
"1,281",427,51.42,2023-10-11
"1,282",366,133.42,2023-07-24
"1,283",33,155.77,2023-09-01
"1,284",53,158.41,2023-09-16
"1,285",479,50.43,2023-10-15
"1,286",160,115.45,2023-07-05
"1,287",307,450.14,2023-08-08
"1,288",110,40.23,2023-12-16
"1,289",428,87.89,2023-06-03
"1,290",485,392.74,2023-03-08
"1,291",303,276,2023-09-11
"1,292",325,17.42,2023-10-09
"1,293",221,341.24,2023-04-16
"1,294",4,220.4,2023-04-16
"1,295",52,107.14,2023-05-01
"1,296",110,294.18,2023-06-11
"1,297",401,477.39,2023-04-16
"1,298",244,257.67,2023-04-05
"1,299",157,18.99,2023-05-08
"1,300",95,435.33,2023-04-20
"1,301",447,62.51,2023-09-28
"1,302",491,399.71,2023-04-07
"1,303",350,236.27,2023-05-03
"1,304",76,356.84,2023-07-28
"1,305",344,176.08,2023-06-01
"1,306",64,25.23,2023-08-12
"1,307",19,90.2,2023-03-14
"1,308",177,41.14,2023-01-27
"1,309",421,46.33,2023-02-22
"1,310",308,201.62,2023-11-30
"1,311",374,270.24,2023-07-04
"1,312",335,67.89,2023-02-07
"1,313",436,54.67,2023-07-04
"1,314",138,416.92,2023-10-28
"1,315",325,213.97,2023-02-04
"1,316",165,314.19,2023-10-02
"1,317",215,210.47,2024-01-01
"1,318",283,336.68,2023-08-07
"1,319",55,169.77,2023-10-08
"1,320",305,492.43,2023-11-22
"1,321",392,175.07,2023-06-10
"1,322",363,34.07,2023-01-10
"1,323",414,69.83,2023-03-19
"1,324",311,141.17,2023-05-14
"1,325",207,119.92,2023-11-11
"1,326",315,391.51,2023-07-11
"1,327",78,316.37,2023-01-06
"1,328",396,337.05,2023-12-28
"1,329",458,347.03,2023-01-29
"1,330",165,166.88,2023-12-21
"1,331",159,236.94,2023-02-14
"1,332",380,392.49,2023-05-19
"1,333",450,283.93,2023-09-07
"1,334",345,124.96,2023-01-25
"1,335",400,192.56,2023-04-07
"1,336",231,386.77,2023-02-03
"1,337",36,211.11,2023-02-18
"1,338",287,258.9,2023-09-07
"1,339",197,41.38,2023-12-30
"1,340",396,221.13,2023-09-18
"1,341",144,280.39,2023-10-29
"1,342",87,347.43,2023-01-05
"1,343",77,138.8,2023-08-11
"1,344",365,130.35,2023-06-29
"1,345",22,37.61,2023-08-16
"1,346",258,232.13,2023-12-20
"1,347",143,406.56,2023-07-11
"1,348",162,347.22,2023-12-16
"1,349",68,99.16,2023-01-15
"1,350",339,386.78,2023-07-15
"1,351",48,93.75,2023-01-30
"1,352",461,180.04,2023-08-03
"1,353",346,185.53,2023-04-22
"1,354",141,120.25,2023-05-03
"1,355",323,422.82,2023-05-23
"1,356",301,331.8,2023-10-18
"1,357",290,239.06,2023-05-17
"1,358",331,401.26,2023-04-26
"1,359",223,385.96,2023-01-10
"1,360",43,137.12,2023-07-15
"1,361",100,474.68,2023-05-04
"1,362",273,146.9,2023-02-20
"1,363",103,460.69,2023-02-26
"1,364",360,238.93,2023-02-13
"1,365",448,296.54,2023-05-18
"1,366",341,16.14,2023-02-15
"1,367",367,283.07,2023-04-19
"1,368",177,350.36,2023-02-22
"1,369",73,395.82,2023-06-07
"1,370",166,93.38,2023-07-16
"1,371",466,23.36,2023-09-19
"1,372",148,111.51,2023-10-15
"1,373",278,208.18,2023-05-16
"1,374",1,333.28,2023-11-12
"1,375",256,51.16,2023-05-28
"1,376",462,351.92,2023-03-07
"1,377",202,282.06,2023-07-19
"1,378",28,259.54,2023-12-16
"1,379",67,113.56,2023-12-16
"1,380",299,291.09,2023-01-08
"1,381",253,60.65,2023-11-05
"1,382",312,446.67,2023-02-26
"1,383",244,254.33,2023-02-12
"1,384",434,129.12,2023-09-03
"1,385",291,86.87,2023-01-22
"1,386",442,352.57,2023-08-13
"1,387",367,221.54,2023-11-27
"1,388",292,192.45,2023-09-07
"1,389",42,75.04,2023-08-16
"1,390",112,258.21,2023-09-24
"1,391",98,299.93,2023-03-29
"1,392",415,50.6,2023-06-04
"1,393",226,304.75,2023-01-23
"1,394",16,395.73,2023-03-10
"1,395",467,401.65,2023-10-04
"1,396",167,232.55,2023-01-07
"1,397",68,311.92,2023-03-27
"1,398",307,11.24,2023-06-04
"1,399",172,115.79,2023-01-31
"1,400",55,395.86,2023-04-01
"1,401",191,471.93,2023-12-08
"1,402",362,92.8,2023-02-13
"1,403",32,207.97,2023-07-31
"1,404",32,268.15,2023-01-06
"1,405",327,126.83,2023-08-27
"1,406",306,439.23,2023-09-26
"1,407",118,249.4,2023-10-26
"1,408",432,331.76,2023-09-15
"1,409",136,210.64,2023-03-26
"1,410",290,73.86,2023-08-17
"1,411",417,394.93,2023-05-19
"1,412",386,362.93,2023-10-04
"1,413",375,423.67,2023-12-21
"1,414",284,285.5,2023-08-18
"1,415",467,43.19,2023-05-30
"1,416",378,40.5,2023-08-21
"1,417",448,100.47,2023-01-06
"1,418",239,330.01,2023-04-23
"1,419",479,114,2023-11-13
"1,420",68,391.77,2023-02-04
"1,421",375,115.55,2023-03-21
"1,422",148,160.48,2023-10-20
"1,423",224,128.62,2023-09-06
"1,424",292,460.52,2023-07-01
"1,425",467,311.28,2023-12-04
"1,426",262,383.42,2023-06-03
"1,427",54,443.17,2023-01-14
"1,428",147,78.37,2023-10-28
"1,429",166,48.12,2023-06-09
"1,430",127,405.68,2023-12-17
"1,431",215,90.92,2023-12-17
"1,432",254,227.72,2023-12-10
"1,433",350,169.82,2023-06-18
"1,434",100,195.16,2023-04-30
"1,435",19,293.61,2023-02-05
"1,436",408,308.11,2023-03-09
"1,437",493,123.32,2023-05-19
"1,438",113,373.74,2023-02-22
"1,439",346,45.78,2023-11-07
"1,440",258,255.9,2023-09-03
"1,441",228,374.74,2023-08-11
"1,442",128,251.18,2023-11-22
"1,443",163,425.44,2023-05-19
"1,444",373,388.62,2023-10-06
"1,445",244,355.74,2023-11-07
"1,446",362,133.58,2023-11-19
"1,447",263,159.69,2023-04-12
"1,448",226,157.7,2023-08-02
"1,449",185,421.64,2023-04-08
"1,450",224,221.78,2023-08-06
"1,451",361,98.22,2023-03-11
"1,452",373,98.29,2023-05-20
"1,453",31,141.23,2023-03-13
"1,454",190,421.53,2023-09-16
"1,455",308,183.6,2023-04-23
"1,456",314,349.28,2023-11-20
"1,457",435,354.39,2023-08-05
"1,458",302,441.14,2023-11-25
"1,459",25,230.06,2023-03-24
"1,460",142,102.58,2023-09-29
"1,461",119,162.01,2023-08-10
"1,462",162,428.96,2023-02-13
"1,463",239,341.42,2023-05-29
"1,464",120,383.28,2023-04-22
"1,465",411,323.87,2023-10-09
"1,466",395,83.72,2023-08-29
"1,467",137,356.21,2023-08-22
"1,468",314,164.88,2023-12-06
"1,469",410,234.31,2023-06-26
"1,470",331,329.13,2023-04-13
"1,471",410,14.32,2023-06-22
"1,472",281,45.75,2023-07-24
"1,473",99,433.14,2023-10-26
"1,474",268,54.63,2023-03-18
"1,475",267,110.74,2023-04-05
"1,476",364,67.92,2023-08-04
"1,477",466,412.49,2023-09-13
"1,478",127,481.88,2023-01-11
"1,479",274,444.35,2023-03-15
"1,480",344,460.39,2023-09-16
"1,481",198,311.23,2023-01-27
"1,482",129,84.95,2023-10-20
"1,483",88,125.55,2023-03-27
"1,484",64,497.97,2023-11-28
"1,485",104,361.12,2023-05-01
"1,486",393,225.84,2023-07-22
"1,487",253,295.71,2023-10-16
"1,488",425,168.41,2023-09-26
"1,489",412,130.52,2023-05-25
"1,490",467,159.68,2023-10-30
"1,491",478,434.7,2023-08-17
"1,492",28,488.24,2023-01-06
"1,493",454,298.43,2023-10-10
"1,494",36,440.97,2023-10-12
"1,495",148,480.56,2023-12-31
"1,496",467,398.64,2023-07-08
"1,497",474,474.86,2023-08-06
"1,498",369,366.63,2023-01-21
"1,499",258,349.41,2023-04-23
"1,500",401,236.76,2023-02-01
"1,501",46,329.9,2023-06-25
"1,502",347,476.01,2023-02-02
"1,503",8,284.69,2023-05-07
"1,504",394,484.52,2023-06-30
"1,505",434,375.26,2023-12-10
"1,506",440,198.07,2023-10-16
"1,507",26,429.85,2023-03-26
"1,508",371,417.79,2023-09-30
"1,509",325,278.69,2023-07-17
"1,510",230,222.4,2023-12-02
"1,511",365,489.26,2023-01-13
"1,512",468,73.98,2023-02-03
"1,513",16,436.34,2023-11-05
"1,514",457,240.49,2023-09-21
"1,515",309,136.81,2023-02-12
"1,516",170,22.04,2023-10-23
"1,517",67,328.67,2023-08-03
"1,518",337,179.51,2023-08-16
"1,519",300,125.03,2023-04-20
"1,520",123,300.02,2023-06-03
"1,521",220,202.49,2023-01-16
"1,522",367,258.04,2023-09-02
"1,523",82,424.39,2023-04-02
"1,524",468,320.06,2023-10-16
"1,525",309,108.02,2023-11-03
"1,526",213,391.72,2023-06-30
"1,527",79,80.57,2023-08-20
"1,528",339,116.74,2023-02-08
"1,529",415,335.93,2023-03-08
"1,530",97,143.21,2023-07-20
"1,531",259,299.7,2023-01-02
"1,532",218,146.65,2023-02-23
"1,533",183,374.91,2023-08-24
"1,534",172,439.97,2023-09-10
"1,535",177,402.92,2023-09-06
"1,536",2,18.65,2023-04-05
"1,537",489,446.63,2023-09-19
"1,538",322,411.53,2023-03-29
"1,539",44,372.38,2023-11-19
"1,540",260,209.49,2023-03-19
"1,541",296,259.87,2023-10-31
"1,542",389,391.14,2023-06-13
"1,543",93,37.17,2023-02-20
"1,544",337,367.14,2023-10-24
"1,545",358,407.01,2023-10-30
"1,546",481,499.42,2023-05-03
"1,547",500,307.39,2023-10-14
"1,548",418,65,2023-07-11
"1,549",429,370.41,2023-04-09
"1,550",18,129.58,2023-01-02
"1,551",434,42.05,2023-04-15
"1,552",91,342.88,2023-04-27
"1,553",149,273.22,2023-09-11
"1,554",94,467.98,2023-10-18
"1,555",231,34.01,2023-07-01
"1,556",204,392.87,2023-04-10
"1,557",355,411.81,2023-08-24
"1,558",121,131.36,2023-04-18
"1,559",189,151.63,2023-10-28
"1,560",96,272.7,2023-10-29
"1,561",209,357.67,2023-09-04
"1,562",439,209.82,2023-09-28
"1,563",97,60.35,2023-11-23
"1,564",52,442.28,2023-05-09
"1,565",351,104.5,2023-12-08
"1,566",385,263.87,2023-05-06
"1,567",212,275.77,2023-05-04
"1,568",60,12.68,2023-06-21
"1,569",24,187.54,2023-09-02
"1,570",128,448.38,2023-08-02
"1,571",491,86.6,2023-12-13
"1,572",54,321.08,2023-01-04
"1,573",246,113.65,2023-01-02
"1,574",405,487.93,2023-07-05
"1,575",166,212.24,2023-11-29
"1,576",23,447.28,2023-12-28
"1,577",68,309.75,2023-06-08
"1,578",270,400.33,2023-08-06
"1,579",257,339.76,2023-01-11
"1,580",94,251.36,2023-07-08
"1,581",261,446.45,2023-03-02
"1,582",315,168.9,2023-10-21
"1,583",138,444.66,2023-10-11
"1,584",434,255.29,2023-07-07
"1,585",309,68.15,2023-05-26
"1,586",420,365.06,2023-03-10
"1,587",83,240.43,2023-07-31
"1,588",366,179.52,2023-05-19
"1,589",364,158.14,2023-11-28
"1,590",409,81.51,2023-11-26
"1,591",472,338.23,2023-04-27
"1,592",472,317.69,2023-03-13
"1,593",43,281.37,2023-11-22
"1,594",294,40.4,2023-12-14
"1,595",290,150.83,2023-09-16
"1,596",270,231.44,2023-03-06
"1,597",460,397.69,2023-11-25
"1,598",265,26.18,2023-12-16
"1,599",26,385.27,2023-06-28
"1,600",489,192.58,2023-06-27
"1,601",406,286.93,2023-09-18
"1,602",452,207.45,2023-02-06
"1,603",246,346.68,2023-04-03
"1,604",166,305.23,2023-04-05
"1,605",468,151,2023-06-30
"1,606",417,66.99,2023-08-28
"1,607",113,93.83,2023-08-15
"1,608",497,426.08,2023-09-13
"1,609",361,105.32,2023-02-10
"1,610",89,484.76,2023-09-07
"1,611",55,492.36,2023-05-14
"1,612",406,237.22,2023-03-06
"1,613",409,262.04,2023-07-11
"1,614",18,213.96,2023-04-05
"1,615",361,192.43,2023-08-12
"1,616",293,252.42,2023-10-28
"1,617",471,309.5,2023-11-29
"1,618",53,155,2023-12-06
"1,619",348,268.92,2023-08-08
"1,620",299,69.06,2023-11-24
"1,621",363,175.59,2023-08-26
"1,622",158,226.69,2023-06-06
"1,623",270,315.22,2023-04-15
"1,624",441,265.76,2023-10-16
"1,625",59,470.65,2023-12-21
"1,626",220,125.04,2023-03-25
"1,627",467,333.39,2023-11-14
"1,628",475,487.86,2023-07-02
"1,629",210,297.5,2023-10-01
"1,630",191,103.62,2023-09-06
"1,631",5,72.49,2023-11-17
"1,632",218,348.55,2023-11-22
"1,633",77,299.69,2023-06-28
"1,634",283,395.08,2023-06-01
"1,635",442,484.73,2023-09-16
"1,636",181,479.92,2023-09-09
"1,637",310,69.14,2023-05-12
"1,638",423,57.5,2023-04-25
"1,639",438,489.62,2023-01-23
"1,640",271,370.76,2023-02-11
"1,641",397,352.52,2023-03-23
"1,642",6,306.9,2023-12-21
"1,643",318,472.85,2023-10-13
"1,644",272,369.5,2023-04-22
"1,645",121,42.55,2023-09-13
"1,646",368,330.26,2023-03-05
"1,647",466,118.76,2023-12-20
"1,648",161,434.54,2023-04-15
"1,649",155,261.69,2023-01-19
"1,650",255,313.33,2023-04-17
"1,651",28,152.2,2023-11-01
"1,652",227,133.71,2023-04-26
"1,653",449,271.93,2023-03-27
"1,654",30,187.41,2023-08-31
"1,655",129,229.93,2023-03-25
"1,656",80,21.21,2023-01-26
"1,657",102,212.43,2023-07-30
"1,658",321,25.57,2023-03-22
"1,659",103,294.94,2023-05-07
"1,660",347,309.39,2023-02-10
"1,661",312,462.39,2023-01-29
"1,662",37,397.79,2023-08-25
"1,663",355,404.18,2023-10-24
"1,664",371,452.9,2023-10-25
"1,665",412,108.78,2023-06-09
"1,666",178,73.6,2023-09-06
"1,667",391,56.93,2023-09-26
"1,668",18,363.85,2023-12-05
"1,669",124,466.03,2023-08-14
"1,670",226,448.33,2023-12-20
"1,671",223,95.78,2023-11-10
"1,672",60,21.04,2023-10-27
"1,673",115,384.65,2023-07-15
"1,674",95,76.34,2023-07-05
"1,675",370,110.75,2023-05-05
"1,676",334,200.85,2023-05-13
"1,677",204,145.88,2023-01-10
"1,678",246,352.22,2023-11-01
"1,679",45,425.11,2023-08-09
"1,680",199,484.64,2023-04-27
"1,681",233,212.38,2023-05-14
"1,682",217,216.4,2023-09-21
"1,683",119,337.33,2023-12-19
"1,684",488,240.39,2023-05-08
"1,685",447,139.16,2023-12-30
"1,686",219,266.85,2023-07-04
"1,687",340,143.43,2023-02-24
"1,688",214,351.98,2023-11-03
"1,689",176,48.78,2023-05-30
"1,690",53,316.16,2023-11-06
"1,691",353,63.6,2023-12-02
"1,692",336,70.25,2023-07-08
"1,693",95,492.06,2023-04-30
"1,694",274,212.02,2023-01-22
"1,695",265,124.21,2023-06-09
"1,696",223,216.54,2023-01-21
"1,697",265,175.46,2023-09-14
"1,698",231,310.35,2023-08-16
"1,699",240,210.1,2023-04-29
"1,700",226,219.28,2023-03-14
"1,701",428,124.52,2023-07-07
"1,702",187,53.62,2023-10-09
"1,703",164,364.23,2023-09-23
"1,704",260,145.82,2023-03-27
"1,705",148,300.54,2023-12-28
"1,706",199,205.53,2023-04-16
"1,707",251,259.96,2023-08-23
"1,708",56,412.21,2023-11-21
"1,709",154,355.36,2023-07-21
"1,710",31,460.33,2023-09-06
"1,711",69,335.41,2023-07-28
"1,712",194,346.8,2023-06-04
"1,713",113,429.78,2023-03-04
"1,714",36,425.32,2023-09-29
"1,715",213,281.81,2023-09-16
"1,716",448,257.58,2023-07-19
"1,717",179,238.62,2023-03-30
"1,718",28,275.38,2023-04-03
"1,719",107,359.15,2023-11-14
"1,720",249,99.62,2023-06-30
"1,721",441,255.46,2023-02-19
"1,722",444,230.75,2023-11-05
"1,723",400,45.08,2023-04-22
"1,724",102,190.76,2023-08-26
"1,725",338,369.84,2023-03-11
"1,726",402,218.29,2023-11-12
"1,727",43,211.59,2023-08-21
"1,728",207,364.28,2023-08-29
"1,729",349,372.1,2023-03-01
"1,730",142,437.71,2023-06-29
"1,731",437,183.24,2023-04-01
"1,732",86,167.91,2023-11-17
"1,733",63,79.45,2023-01-11
"1,734",393,376.72,2023-03-18
"1,735",191,207.41,2023-01-18
"1,736",83,442.56,2023-12-07
"1,737",216,385.11,2023-03-22
"1,738",308,296.33,2023-04-20
"1,739",152,269.74,2023-02-27
"1,740",484,223.87,2023-05-21
"1,741",29,416.95,2023-02-07
"1,742",468,495.12,2023-07-14
"1,743",346,147.38,2023-05-21
"1,744",131,482.97,2023-09-11
"1,745",321,319.75,2023-01-06
"1,746",349,267.39,2023-10-13
"1,747",454,147.8,2023-07-08
"1,748",296,13.66,2023-07-12
"1,749",342,138.19,2023-06-09
"1,750",420,487.42,2023-12-01
"1,751",449,431.03,2023-07-21
"1,752",167,121.46,2023-09-19
"1,753",497,336.97,2023-05-21
"1,754",337,389.09,2023-10-20
"1,755",321,465.07,2023-07-18
"1,756",227,67.28,2023-08-19
"1,757",27,491.1,2023-11-05
"1,758",138,298.38,2023-09-03
"1,759",333,51.67,2023-11-10
"1,760",331,430.64,2023-08-30
"1,761",401,284.09,2023-03-27
"1,762",6,41.86,2023-06-06
"1,763",29,220.49,2023-04-13
"1,764",314,428.03,2023-12-08
"1,765",378,480.39,2023-07-28
"1,766",292,409.22,2023-03-26
"1,767",6,324.32,2023-01-06
"1,768",174,461.46,2023-07-14
"1,769",403,469.64,2023-11-29
"1,770",478,487.95,2023-09-25
"1,771",396,231.96,2023-02-05
"1,772",427,293.62,2023-03-29
"1,773",434,222.95,2023-10-13
"1,774",218,246.95,2023-12-01
"1,775",312,125.63,2023-01-01
"1,776",498,184.83,2023-09-18
"1,777",162,257.33,2023-03-17
"1,778",16,282.82,2023-07-01
"1,779",148,218.74,2023-05-28
"1,780",24,395.39,2023-12-27
"1,781",181,239.46,2023-12-29
"1,782",49,432.1,2023-07-17
"1,783",221,395.45,2023-02-16
"1,784",466,486.79,2023-06-27
"1,785",311,96.69,2023-06-13
"1,786",177,102.07,2023-04-13
"1,787",381,26.66,2023-12-06
"1,788",378,474.69,2023-08-01
"1,789",343,143.58,2023-01-02
"1,790",111,456.23,2023-10-11
"1,791",436,144.58,2023-10-24
"1,792",195,269.87,2023-03-04
"1,793",187,469.37,2023-10-15
"1,794",490,370.5,2023-06-30
"1,795",21,266.37,2023-07-10
"1,796",389,304.58,2023-02-05
"1,797",210,107.55,2023-11-12
"1,798",144,28.1,2023-01-25
"1,799",456,63.98,2023-02-06
"1,800",158,474.99,2023-11-12
"1,801",187,213.23,2023-08-01
"1,802",277,126.6,2023-01-26
"1,803",445,482.93,2023-09-27
"1,804",428,150.68,2023-05-17
"1,805",123,32.1,2023-09-19
"1,806",407,358.3,2023-03-01
"1,807",138,357.95,2023-06-24
"1,808",22,422.75,2023-12-16
"1,809",220,401.46,2023-07-09
"1,810",229,34.8,2023-02-26
"1,811",312,454.45,2023-12-12
"1,812",455,446,2023-12-23
"1,813",272,105.47,2023-05-27
"1,814",492,433.92,2023-06-17
"1,815",196,426.5,2023-08-28
"1,816",178,108.53,2023-04-25
"1,817",471,303.54,2023-07-20
"1,818",13,384.22,2023-04-12
"1,819",71,164.42,2023-01-08
"1,820",31,212.93,2023-11-20
"1,821",387,277.32,2023-03-11
"1,822",117,317.03,2023-05-01
"1,823",22,430.55,2023-10-15
"1,824",444,233.56,2023-11-03
"1,825",450,174.67,2023-01-24
"1,826",405,190,2023-10-02
"1,827",55,459.31,2023-03-22
"1,828",441,115.79,2023-07-23
"1,829",348,334.64,2023-10-08
"1,830",442,323.64,2023-11-12
"1,831",387,66.01,2023-06-05
"1,832",394,132.05,2023-04-16
"1,833",160,464.82,2023-01-24
"1,834",235,122.31,2023-03-17
"1,835",291,216.88,2023-02-15
"1,836",434,375.58,2023-04-20
"1,837",488,16.38,2023-09-23
"1,838",275,150.35,2023-10-26
"1,839",499,64.2,2023-07-12
"1,840",488,306.72,2023-10-25
"1,841",400,464.22,2023-06-06
"1,842",332,248.31,2023-10-27
"1,843",178,418.95,2023-08-28
"1,844",205,385.14,2023-05-16
"1,845",161,96.37,2023-04-07
"1,846",406,455.29,2023-05-23
"1,847",68,56.61,2023-03-11
"1,848",183,459.14,2023-06-30
"1,849",363,262.67,2023-04-14
"1,850",185,261.7,2023-10-23
"1,851",416,333.3,2023-03-12
"1,852",109,440.67,2023-03-11
"1,853",304,253.63,2023-09-26
"1,854",78,48.6,2023-12-09
"1,855",73,389.4,2023-04-13
"1,856",178,417.02,2023-05-04
"1,857",296,435.35,2023-06-29
"1,858",245,161.47,2023-01-30
"1,859",145,32.14,2023-04-12
"1,860",106,200.16,2023-02-13
"1,861",222,385.37,2023-09-14
"1,862",364,288.65,2023-09-04
"1,863",65,252.53,2023-06-30
"1,864",141,243.4,2023-11-25
"1,865",394,255.62,2023-05-14
"1,866",71,493.34,2023-12-21
"1,867",438,168.4,2023-10-03
"1,868",166,55.16,2023-03-27
"1,869",268,411.94,2023-11-17
"1,870",2,473.88,2023-10-31
"1,871",41,465.01,2023-08-02
"1,872",450,34.91,2023-09-07
"1,873",34,210.53,2023-11-09
"1,874",47,170.94,2023-03-16
"1,875",263,282.14,2023-11-06
"1,876",478,203.85,2023-04-24
"1,877",167,71.95,2023-03-03
"1,878",132,481.86,2023-08-14
"1,879",37,150.61,2023-08-18
"1,880",428,331.53,2023-04-03
"1,881",454,71.37,2023-12-26
"1,882",13,419.26,2023-10-16
"1,883",395,121.65,2023-09-05
"1,884",347,283.07,2023-04-15
"1,885",216,74.98,2023-06-17
"1,886",297,279.19,2023-07-23
"1,887",162,149,2023-04-29
"1,888",437,454.87,2023-09-30
"1,889",308,455.05,2023-10-09
"1,890",122,491.64,2023-03-28
"1,891",394,179.16,2023-11-20
"1,892",350,239.68,2023-02-01
"1,893",138,140.85,2023-12-17
"1,894",114,287.54,2023-02-27
"1,895",424,237.96,2023-06-13
"1,896",400,358.02,2023-03-20
"1,897",52,120.31,2023-11-19
"1,898",490,92.96,2023-04-18
"1,899",112,262.58,2023-12-18
"1,900",312,460.22,2023-11-22
"1,901",471,499.17,2023-07-25
"1,902",23,405.48,2023-11-08
"1,903",396,457.38,2023-10-01
"1,904",456,61.39,2023-11-26
"1,905",127,249.07,2023-04-01
"1,906",42,343.98,2023-03-18
"1,907",212,426.2,2023-10-22
"1,908",225,268.55,2023-04-06
"1,909",117,106.66,2023-01-28
"1,910",484,323.15,2023-06-04
"1,911",122,414.17,2023-04-05
"1,912",33,384.76,2023-11-02
"1,913",291,94.42,2023-08-14
"1,914",377,240.46,2023-02-12
"1,915",342,264.28,2023-04-30
"1,916",1,498.78,2023-10-20
"1,917",284,11.48,2023-11-28
"1,918",290,474.07,2023-09-27
"1,919",355,40.17,2023-01-26
"1,920",331,325.87,2023-07-01
"1,921",273,192.6,2023-04-05
"1,922",193,248.8,2023-05-26
"1,923",295,221.77,2023-09-01
"1,924",85,433.18,2023-05-24
"1,925",453,68.88,2023-05-17
"1,926",391,284.67,2023-05-07
"1,927",144,422.77,2023-12-03
"1,928",131,177.23,2023-12-02
"1,929",416,167.14,2023-06-25
"1,930",48,332.35,2023-11-26
"1,931",495,404.19,2023-06-27
"1,932",30,481.64,2023-06-26
"1,933",374,387,2023-10-09
"1,934",282,340.42,2023-05-31
"1,935",379,236.6,2023-05-03
"1,936",229,373.37,2023-01-07
"1,937",224,194.14,2023-03-17
"1,938",453,157.74,2023-07-17
"1,939",346,56.87,2023-01-06
"1,940",327,179.74,2023-12-20
"1,941",93,376.96,2023-06-04
"1,942",209,359.98,2023-01-01
"1,943",463,326.33,2023-10-03
"1,944",443,60.06,2023-10-20
"1,945",227,391.18,2023-11-21
"1,946",208,193.78,2023-04-22
"1,947",10,352.33,2023-05-19
"1,948",12,478.44,2023-12-12
"1,949",85,155.63,2023-12-27
"1,950",175,242.98,2023-08-20
"1,951",94,430.05,2023-07-09
"1,952",6,32.02,2023-10-30
"1,953",369,492.69,2023-11-28
"1,954",156,338.8,2023-03-07
"1,955",109,302.77,2023-07-15
"1,956",338,76.6,2023-03-05
"1,957",239,331.33,2023-09-07
"1,958",60,295.81,2023-07-27
"1,959",172,30.74,2023-03-17
"1,960",25,171.04,2023-05-30
"1,961",472,475.44,2023-11-17
"1,962",85,37.71,2023-06-18
"1,963",438,26.38,2023-01-26
"1,964",470,251.07,2023-03-18
"1,965",381,202.78,2023-04-06
"1,966",32,382.15,2023-03-08
"1,967",122,71.34,2023-06-13
"1,968",491,217.67,2023-11-18
"1,969",269,297,2023-03-08
"1,970",156,287.05,2023-02-24
"1,971",38,61.26,2023-02-26
"1,972",73,35.84,2023-07-04
"1,973",365,417.24,2023-09-06
"1,974",26,179.8,2023-11-07
"1,975",146,386.86,2023-11-08
"1,976",434,249.47,2023-04-29
"1,977",155,121.49,2023-05-24
"1,978",8,330.26,2023-01-16
"1,979",12,401.17,2023-07-04
"1,980",59,97.81,2023-02-18
"1,981",429,330.5,2023-02-12
"1,982",4,127.29,2023-08-03
"1,983",174,323.87,2023-10-14
"1,984",323,377.87,2023-09-27
"1,985",44,11.2,2023-11-23
"1,986",367,496.47,2023-09-23
"1,987",474,279.94,2023-04-03
"1,988",453,320.21,2023-11-02
"1,989",437,81.97,2023-07-18
"1,990",490,428.28,2023-09-30
"1,991",324,439.04,2023-11-12
"1,992",290,30.64,2023-09-27
"1,993",185,497.05,2023-10-08
"1,994",55,11.28,2023-01-18
"1,995",351,473.69,2023-06-22
"1,996",15,149.36,2023-10-07
"1,997",384,123.92,2023-11-07
"1,998",371,61.57,2023-05-09
"1,999",132,400.76,2023-05-01
"2,000",15,313.31,2023-03-30